,rule_name,eta,acc_mean,score
0,linear,0.0002225188819186439,,0.3453333333333334
